{"client_meta":{"background_color":{"r":0.9607843160629272,"g":0.9607843160629272,"b":0.9607843160629272,"a":1},"thumbnail_size":{"width":400,"height":289},"render_coordinates":{"x":0,"y":0.25599968433380127,"width":458,"height":330.7439880371094}},"file_name":"阶段练习_02","developer_related_links":[],"exported_at":"2026-06-08T06:29:00.076Z"}