{"client_meta":{"background_color":{"r":0.9607843160629272,"g":0.9607843160629272,"b":0.9607843160629272,"a":1},"thumbnail_size":{"width":400,"height":198},"render_coordinates":{"x":0,"y":0,"width":1148,"height":568}},"file_name":"阶段练习_04完成目标1","developer_related_links":[],"exported_at":"2026-06-08T07:36:21.162Z"}