{"client_meta":{"background_color":{"r":0.9607843160629272,"g":0.9607843160629272,"b":0.9607843160629272,"a":1},"thumbnail_size":{"width":400,"height":326},"render_coordinates":{"x":-20,"y":0.25599968433380127,"width":969,"height":788.7440185546875}},"file_name":"阶段练习_03","developer_related_links":[],"exported_at":"2026-06-08T06:36:54.094Z"}