{"client_meta":{"background_color":{"r":0.8980392217636108,"g":0.8980392217636108,"b":0.8980392217636108,"a":1},"thumbnail_size":{"width":400,"height":378},"render_coordinates":{"x":-555,"y":-211.75999450683594,"width":2457,"height":2324.760009765625}},"file_name":"阶段练习_01","developer_related_links":[],"exported_at":"2026-06-08T06:30:04.343Z"}