{"client_meta":{"background_color":{"r":0.8980392217636108,"g":0.8980392217636108,"b":0.8980392217636108,"a":1},"thumbnail_size":{"width":400,"height":237},"render_coordinates":{"x":-5460,"y":555,"width":6308,"height":3738}},"file_name":"阶段练习05_完成目标1","developer_related_links":[],"exported_at":"2026-06-09T12:59:37.801Z"}