{"client_meta":{"background_color":{"r":0.9607843160629272,"g":0.9607843160629272,"b":0.9607843160629272,"a":1},"thumbnail_size":{"width":400,"height":202},"render_coordinates":{"x":0,"y":0,"width":1035,"height":523}},"file_name":"阶段练习_04完成目标2","developer_related_links":[],"exported_at":"2026-06-08T10:21:50.876Z"}